{"cameraMode":{"drawMode":0,"name":"Shaded","section":"Shading Mode"},"sceneLighting":false,"audioPlay":false,"sceneViewState":{"m_AlwaysRefresh":false,"showFog":true,"showSkybox":false,"showFlares":true,"showImageEffects":true,"showParticleSystems":true,"showVisualEffectGraphs":true,"m_FxEnabled":true},"in2DMode":false,"pivot":{"x":0.04427899420261383,"y":0.5473439693450928,"z":-0.5146719217300415},"rotation":{"x":-0.07965277135372162,"y":0.04244915023446083,"z":-0.0033947487827390434,"w":-0.9959143996238709},"size":0.9586202502250671,"orthographic":false}