{"cameraMode":{"drawMode":0,"name":"Shaded","section":"Shading Mode"},"sceneLighting":true,"audioPlay":false,"sceneViewState":{"m_AlwaysRefresh":false,"showFog":true,"showSkybox":true,"showFlares":true,"showImageEffects":true,"showParticleSystems":true,"showVisualEffectGraphs":true,"m_FxEnabled":true},"in2DMode":false,"pivot":{"x":8.934765815734864,"y":-10.063729286193848,"z":1.0749833583831788},"rotation":{"x":-0.21314528584480287,"y":0.012307180091738701,"z":-0.0026858330238610508,"w":-0.9769427180290222},"size":1.684232473373413,"orthographic":false}