{"cameraMode":{"drawMode":0,"name":"Shaded","section":"Shading Mode"},"sceneLighting":true,"audioPlay":false,"sceneViewState":{"m_AlwaysRefresh":false,"showFog":true,"showSkybox":true,"showFlares":true,"showImageEffects":true,"showParticleSystems":true,"showVisualEffectGraphs":true,"m_FxEnabled":true},"in2DMode":false,"pivot":{"x":0.32851022481918337,"y":0.28217530250549319,"z":-7.275293350219727},"rotation":{"x":-0.20288893580436707,"y":-0.005290631204843521,"z":0.0010955216130241752,"w":-0.9791902303695679},"size":1.0842325687408448,"orthographic":false}