{"cameraMode":{"drawMode":0,"name":"Shaded","section":"Shading Mode"},"sceneLighting":true,"audioPlay":false,"sceneViewState":{"m_AlwaysRefresh":false,"showFog":true,"showSkybox":true,"showFlares":true,"showImageEffects":true,"showParticleSystems":true,"showVisualEffectGraphs":true,"m_FxEnabled":true},"in2DMode":false,"pivot":{"x":-2.944314956665039,"y":-3.57346248626709,"z":-3.1908645629882814},"rotation":{"x":-0.20288893580436707,"y":-0.005290631204843521,"z":0.0010955216130241752,"w":-0.9791902303695679},"size":2.8904783725738527,"orthographic":false}